[{"owner": "knaus@mpdl.mpg.de", "in_progress": true, "owner_name": "Johannes Knaus", "id": "002c495f-51c5-4767-9a50-af22e96a8710", "name": "Meine Bibliothek"}, {"owner": "sander@mpdl.mpg.de", "in_progress": true, "id": "0443609c-0368-4493-845e-50d9ed140c92", "name": "Task Force Share - TEST"}, {"owner": "wuchner@mpdl.mpg.de", "in_progress": true, "id": "0a72ef37-c30f-4ceb-915e-f45d732e3837", "name": "My Library"}, {"owner": "gkhen@mpiwg-berlin.mpg.de", "in_progress": true, "id": "0af6d189-160b-45a4-a28a-c1d7e6758811", "name": "Exporte"}, {"owner_name": "Friederike Kleinfercher", "name": "Test 08.11.2016 -2", "title": "mein test titel NEU", "authors": [{"affs": ["MPDL"], "name": "kleinfercher, friederike"}], "owner": "kleinfercher@mpdl.mpg.de", "is_certified": false, "id": "10a6679e-92c5-4386-ab59-41bf377eddf7", "description": "blab blabla balb bablbal bal ba"}, {"owner": "vengadasalam@mpdl.mpg.de", "in_progress": true, "id": "10a79a7c-08b9-4934-82c4-20c2216c1922", "name": "Meine Bibliothek"}, {"owner": "rio@mpdl.mpg.de", "in_progress": true, "owner_name": "RIO", "id": "118da70c-36f6-4be0-af30-5cdedf4d025b", "name": "asdadata_inlake_various"}, {"owner": "gkhen@mpiwg-berlin.mpg.de", "in_progress": true, "id": "15e02959-6421-47ae-9698-8d222f39d772", "name": "Meine Bibliothek"}, {"owner": "knaus@mpdl.mpg.de", "in_progress": true, "owner_name": "Johannes Knaus", "id": "1977d762-0ee3-40ae-9808-96ec58317f0f", "name": "hyperwall_workshop"}, {"owner_name": "Friederike Kleinfercher", "name": "projekt viele autoren", "title": "Solid-Phase and Oscillating Solution Crystallization Behavior of (+)- and (\u2212)-N-Methylephedrine", "authors": [{"affs": ["mpdl"], "name": "Kleinfercher, Friederike"}], "owner": "kleinfercher@mpdl.mpg.de", "is_certified": true, "id": "1fb7ca8d-805c-40da-ab01-94422162a541", "description": "There is no abstract available"}, {"owner": "hofmann@mpdl.mpg.de", "in_progress": true, "id": "1fdc69c9-1bd8-4831-98a5-56339078dfc9", "name": "nnn"}, {"owner_name": "Friederike Kleinfercher", "description": "\u91d1\u5c5e\u3068\u91d1\u5c5e\u306e\u639b\u3051\u5408\u308f\u305b\u3002 \u8d85\u8010\u71b1\u5408\u91d1\u306e\u3088\u3046\u306b\u7279\u6027\u304c\u4f55\u500d\u306b\u3082\u5f37\u304f\u306a\u308b\u7d44\u307f\u5408\u308f\u305b\u3082\u3042\u308c\u3070\u3001\u53cd\u5bfe\u306b\u5f31\u304f\u306a\u308b\u3082\u306e\u3082\u3002\u3067\u3082\u3001\u300c\u5f31\u3044\uff1d\u60aa\u3044\u300d\u3067\u306f\u3042\u308a\u307e\u305b\u3093\u3002 \u5f31\u3044\u304b\u3089\u3053\u305d\u3001\u3067\u304d\u308b\u3053\u3068\u3002", "title": "\u91d1\u5c5e\u3068\u91d1\u5c5e\u306e\u639b\u3051\u5408\u308f\u305b\u3002 \u8d85\u8010\u71b1\u5408\u91d1\u306e\u3088\u3046\u306b\u7279\u6027\u304c\u4f55\u500d\u306b\u3082\u5f37\u304f\u306a\u308b\u7d44\u307f\u5408\u308f\u305b\u3082\u3042\u308c\u3070\u3001\u53cd\u5bfe\u306b\u5f31\u304f\u306a\u308b\u3082\u306e\u3082\u3002\u3067\u3082\u3001\u300c\u5f31\u3044\uff1d\u60aa\u3044\u300d\u3067\u306f\u3042\u308a\u307e\u305b\u3093\u3002 \u5f31\u3044\u304b\u3089\u3053\u305d\u3001\u3067\u304d\u308b\u3053\u3068\u3002", "owner": "kleinfercher@mpdl.mpg.de", "is_certified": true, "id": "27e95ea1-e1c1-4deb-9950-1eaef919d750", "name": "projekt andere sprache"}, {"owner": "knaus@mpdl.mpg.de", "in_progress": true, "owner_name": "Johannes Knaus", "id": "2bd6df89-7281-4996-b472-2c22e0561c07", "name": "asdadata_oldcopy"}, {"owner": "koller@mpdl.mpg.de", "in_progress": true, "id": "2e99f664-cbc5-4faa-9205-ad5b9889f7cc", "name": "Meine Bibliothek"}, {"owner": "knoth@mpdl.mpg.de", "in_progress": true, "id": "2f4679d3-2d11-4876-907a-190ec575d328", "name": "Meine Bibliothek"}, {"owner": "saquet@mpdl.mpg.de", "in_progress": true, "id": "33b174bc-222a-416a-98e8-3b7da28e96e2", "name": "Meine Bibliothek"}, {"owner": "franke@mpdl.mpg.de", "in_progress": true, "owner_name": "Michael", "id": "36c01316-0441-48af-9ab6-a583066aead3", "name": "My Library"}, {"owner": "lausberg@mpdl.mpg.de", "in_progress": true, "id": "37ae9f38-7bf7-4e40-8eb5-f4945bcff977", "name": "Meine Bibliothek"}, {"owner": "rio@mpdl.mpg.de", "in_progress": true, "owner_name": "RIO", "id": "38ae63a8-d45f-482d-b9fa-6ca905bf7074", "name": "asdadata_inlake_orafiz"}, {"owner_name": "Friederike Kleinfercher", "name": "Test 07.11.2016 -7", "title": "\u201eEin curios melancholisches St\u00fcckchen\u201d: Die d\u00fcstere Seite von Haydns fis-Moll Sinfonie Hob. I:45 und einige Gedanken zur Pantomime in der Instrumentalmusik", "authors": [{"affs": ["MPDL", "DRG"], "name": "Kleinfercher, Friederike"}, {"affs": ["Laimer Strolche"], "name": "Kleinfercher, Olivia"}], "owner": "kleinfercher@mpdl.mpg.de", "is_certified": false, "id": "3c5863cb-a1b1-4d41-bea7-de388243d932", "description": "There is no abstract availableThere is no abstract availableThere is no abstract availableThere is no abstract availableThere is no abstract availableThere is no abstract availableThere is no abstract availableThere is no abstract availableThere is no abstract availableThere is no abstract availableThere is no abstract availableThere is no abstract availableThere is no abstract available"}, {"owner_name": "Vlad Makarenko", "name": "Test Email", "title": "Title", "authors": [{"affs": ["Affiliation1, Affiliation2"], "name": "Lastname, Firstname"}], "owner": "makarenko@mpdl.mpg.de", "is_certified": true, "id": "3ec1105c-a042-47f3-a26d-0b9ad304fa46", "description": "Description"}, {"owner": "makarenko@mpdl.mpg.de", "in_progress": true, "owner_name": "Vlad Makarenko", "id": "40bb5d32-cf52-4fdc-bed3-48713754d876", "name": "Keeper Besprechungen"}, {"owner": "hofmann@mpdl.mpg.de", "in_progress": true, "id": "4267af54-39cb-426f-9b36-50c51c5bed08", "name": "Meine Bibliothek"}, {"owner_name": "Friederike Kleinfercher", "description": "Zum Team geh\u00f6rt nur, wer das gemeinsame Ziel anstrebt Wenn kein gemeinsames Ziel da ist, dann gibt es auch kein Team, sondern allenfalls eine Gruppe von Menschen, die gemeinsam Geld verdienen. Ein Team ist etwas ganz anderes: Wenn das Ganze mehr leistet als die Summe der Einzelnen. Ihr Team ist nur dann erfolgreich, wenn alle dauerhaft und in die selbe Richtung an einem gemeinsamen Strang ziehen.", "title": "D\u00fcs \u00fcst \u00fcn t\u00fct\u00fcl m\u00fct g\u00fcnz v\u00fcl \u00fcml\u00fct....\n\u00e4\u00f6\u00e4\u00f6\u00e4\u00f6\u00e4\u00f6\u00e4..... \u00df\u00df\u00df\u00df\u00df..... ????? \n!\n!\n!\n! \"\"\"\"\"\" &&&& #", "owner": "kleinfercher@mpdl.mpg.de", "is_certified": true, "id": "42ac15bf-1260-419a-85b6-b3e98134648e", "name": "projekt umlaute"}, {"owner": "rio@mpdl.mpg.de", "in_progress": true, "owner_name": "RIO", "id": "42db0e73-184b-4f96-819a-1e49f94f6c5e", "name": "asdadata_inlake_caracas"}, {"owner": "yu@mpdl.mpg.de", "in_progress": true, "id": "4c5e211e-b504-4729-b6e2-b7fb0e7e9a5d", "name": "Meine Bibliothek"}, {"owner_name": "Friederike Kleinfercher", "name": "Test 07.11.2016 -2", "title": "Quantum computation using arrays of N polar molecules in pendular states", "authors": [{"affs": ["Molecular Physics, Fritz Haber Institute, Max Planck Society", "Orga1", "Orga2"], "name": "Bretislav, Friedrich"}, {"affs": ["MPDL"], "name": "Kleinfercher, Friederike"}, {"affs": ["MPDL"], "name": "Makarenko, Vlad"}, {"affs": ["Orga1"], "name": "\u00d6nur, \u00dc\u00dfzger"}, {"affs": ["Orga3"], "name": "Dr. Prof. Heinemann, Olav"}, {"name": "Gebur, Sandra, Orga5"}], "owner": "kleinfercher@mpdl.mpg.de", "is_certified": false, "id": "4cf8c93f-a661-43ff-af99-c915515b4e49", "description": "We investigate several aspects of realizing quantum computation using entangled polar molecules in pendular states. Quantum algorithms typically start from a product state |00...0> and we show that up to a negligible error, the ground states of polar molecule arrays can be considered as the unentangled qubit basis state |00...0>. This state can be prepared by simply allowing the system to reach thermal equilibrium at low temperature (\n<1 mK). We also evaluate entanglement, characterized by the concurrence of pendular state qubits in dipole arrays as governed by the external electric field, dipole-dipole coupling and number N of molecules in the array. In the parameter regime that we consider for quantum computing, we find that qubit entanglement is modest, typically no greater than 0.0001, confirming the negligible entanglement in the ground state. We discuss methods for realizing quantum computation in the gate model, measurement based model, instantaneous quantum polynomial time circuits and the adiabatic model using polar molecules in pendular states."}, {"owner_name": "Friederike Kleinfercher", "description": "Dies ist mein Projekt in dem ganz normale Daten liegen. Nix besonderes.", "title": "Mein ganz normales Projekt", "owner": "kleinfercher@mpdl.mpg.de", "is_certified": true, "id": "4e9c9993-6e3b-4928-92dc-58e598d02a7a", "name": "projekt normal"}, {"owner": "kleinfercher@mpdl.mpg.de", "in_progress": true, "owner_name": "Friederike Kleinfercher", "id": "5021c84f-fc4e-4ce5-9d37-29ba9d7d9031", "name": "Test 07.11.2016 -8"}, {"owner": "sander@mpdl.mpg.de", "in_progress": true, "id": "50ee811f-d49d-4362-b279-b77ce384e00a", "name": "Task Force Share - TEST2"}, {"owner": "biblio@mpip-mainz.mpg.de", "in_progress": true, "owner_name": "Klaudia Kiefer", "id": "52982619-3165-4279-aa14-24b5e50f7df8", "name": "Meine Bibliothek"}, {"owner_name": "Vlad Makarenko", "name": "CDC update test", "title": "Title", "authors": [{"affs": ["Affiliation1", "Affiliation2"], "name": "Lastname, Firstname"}], "owner": "makarenko@mpdl.mpg.de", "is_certified": true, "id": "53259fef-eac4-4667-98d6-a4a548ac60aa", "description": "Description"}, {"owner": "kern@mpiwg-berlin.mpg.de", "in_progress": true, "owner_name": "Hartmut Kern", "id": "537ec576-9363-4b03-bc9b-d4415d20cd57", "name": "Minakshi Menon"}, {"description": "...", "title": "...", "comments": "...", "owner": "bernhard.koenig@m4itm.de", "is_certified": false, "id": "5c543853-0984-49c3-9787-bb6f62afcfdb", "name": "Meine Bibliothek"}, {"owner": "hoppmann@mpdl.mpg.de", "in_progress": true, "id": "600133b1-c24d-431c-8b94-9d7adfa21657", "name": "Meine Bibliothek"}, {"owner": "rio@mpdl.mpg.de", "in_progress": true, "owner_name": "RIO", "id": "605d5787-aed2-4206-91fc-8e1ef4694457", "name": "asdawiki"}, {"owner_name": "Vladislav", "name": "Test Email nick", "title": "Title", "authors": [{"affs": ["aff1"], "name": "Mak Vla"}], "owner": "vlamak868@gmail.com", "is_certified": false, "id": "624ebc19-c09c-4fc6-b551-99851c4d815a", "description": "Descr"}, {"owner": "goldschmitt@coll.mpg.de", "in_progress": true, "id": "64b46862-350f-4942-99ee-40d958b026e6", "name": "My Library"}, {"owner_name": "Vlad Makarenko", "description": "Project description 2222", "title": "CDC Title 2", "owner": "makarenko@mpdl.mpg.de", "is_certified": true, "id": "656bbb66-6ea3-4a99-bb97-e3c6508ff978", "name": "Meine Bibliothek"}, {"owner": "saquet@mpdl.mpg.de", "in_progress": true, "id": "680ae3c6-83cb-41bf-b79d-50e153e1997f", "name": "research_data"}, {"owner": "keeper@mpdl.mpg.de", "in_progress": true, "id": "6ab78713-a8f6-4ef0-bfaa-8351282a4803", "name": "Keeper Default Library"}, {"owner": "arichmond@mpiwg-berlin.mpg.de", "in_progress": true, "owner_name": "Aaron Richmond", "id": "6c020c94-03ed-4285-8ac2-ce553d268e3e", "name": "My Library"}, {"owner": "rio@mpdl.mpg.de", "in_progress": true, "owner_name": "RIO", "id": "6f6b632f-f28e-4138-8777-40ad72a7123d", "name": "asdadata_siana_patents"}, {"owner": "saquet@mpdl.mpg.de", "in_progress": true, "id": "6f92f859-4c17-4108-b735-8b168aac2c48", "name": "Private data"}, {"owner": "rio@mpdl.mpg.de", "in_progress": true, "owner_name": "RIO", "id": "7128a4a0-fa47-4607-a230-e1d7bc02e886", "name": "asdaoutput_share_temp"}, {"owner": "palzenberger@mpdl.mpg.de", "in_progress": true, "owner_name": "Palzenberger Margit", "id": "73e82854-2a75-4fad-af2e-3d0dd8794903", "name": "palzenbe_asdasource"}, {"owner": "hoppmann@mpdl.mpg.de", "in_progress": true, "id": "73fd957a-5fbb-4028-90f1-528b6c9d40f0", "name": "siana_opac"}, {"owner": "karsten.asshauer@cms.hu-berlin.de", "in_progress": true, "id": "7770b4e3-a9e6-445c-9886-26b3ce0b1cb0", "name": "Test"}, {"owner_name": "Friederike Kleinfercher", "name": "Test 07.11.2016 -9", "title": "Test 07.11.2016 -9", "owner": "kleinfercher@mpdl.mpg.de", "is_certified": false, "id": "7812332b-365b-42b4-b826-6d12a061bbcd"}, {"owner": "arndt@mpdl.mpg.de", "in_progress": true, "id": "7930b491-0115-421b-a4bf-c6146f494e60", "name": "Meine Bibliothek"}, {"owner_name": "Friederike Kleinfercher", "name": "Test 08.11.2016 -3", "title": "test titel NEU", "authors": [{"affs": ["MPDL"], "name": "kleinfercher, friederike"}], "owner": "kleinfercher@mpdl.mpg.de", "is_certified": true, "id": "7acbdbcd-3a7f-478e-9fb7-a5d6e1a306c6", "description": "blB B BL BL BL BL BL B"}, {"description": "no description.", "title": "Test project1", "authors": [{"affs": ["MPDL"], "name": "Ladislas, Loughin"}], "owner": "loughin@mpdl.mpg.de", "is_certified": true, "id": "7fdf2c18-c9ca-438b-b651-0391feafefab", "name": "CDC"}, {"description": "...", "title": "...", "comments": "...", "owner": "karsten.asshauer@cms.hu-berlin.de", "is_certified": false, "id": "853b7b63-85a4-404c-ae14-d34d138f4d7f", "name": "Meine Bibliothek"}, {"owner_name": "Friederike Kleinfercher", "name": "Test 08.11.2016 -1", "title": "Zukunftspraktiken in Organisationen: Kommentar zum Beitrag von Koch/Kr\u00e4mer/Reckwitz/Wenzel \u201eZum Umgang mit Zukunft in Organisationen \u2013 eine praxistheoretische Perspektive\u201c", "authors": [{"affs": ["Soziologie des Marktes, MPI for the Study of Societies, Max Planck Society"], "name": "Beckert, Jens"}], "owner": "kleinfercher@mpdl.mpg.de", "is_certified": true, "id": "94dc02de-313b-4eaf-8be6-194c53494813", "description": "Der Kommentar diskutiert den Artikel \u201eZum Umgang mit Zukunft in Organisationen \u2013 eine praxistheoretische Perspektive\u201c von Koch, Kr\u00e4mer, Reckwitz und Wenzel."}, {"owner_name": "Friederike Kleinfercher", "description": "There is no abstract availableThere is no abstract availableThere is no abstract availableThere is no abstract availableThere is no abstract availableThere is no abstract availableThere is no abstract availableThere is no abstract availableThere is no abstract availableThere is no abstract availableThere is no abstract availableThere is no abstract availableThere is no abstract available", "title": "\u201eEin curios melancholisches St\u00fcckchen\u201d: Die d\u00fcstere Seite von Haydns fis-Moll Sinfonie Hob. I:45 und einige Gedanken zur Pantomime in der Instrumentalmusik", "owner": "kleinfercher@mpdl.mpg.de", "is_certified": false, "id": "97eeb642-ccf7-402c-89c7-9392bdd3394c", "name": "Test 07.11.2016 -6"}, {"owner_name": "Vladislav", "name": "Test Email 2", "title": "Title", "authors": [{"affs": ["Affiliation1, Affiliation2"], "name": "Lastname, Firstname"}], "owner": "vlamak868@gmail.com", "is_certified": true, "id": "9949799d-c90d-48af-a589-6a75f8e63492", "description": "Description"}, {"owner": "loughin@mpdl.mpg.de", "in_progress": true, "id": "9b971288-0c28-4dc7-98bf-b99557952c7a", "name": "Weitere Bibliothek"}, {"owner": "loughin@mpdl.mpg.de", "in_progress": true, "id": "9c90a259-b392-4332-9b1d-29ca2283a9a4", "name": "Meine Bibliothek"}, {"owner": "kleinfercher@mpdl.mpg.de", "in_progress": true, "owner_name": "Friederike Kleinfercher", "id": "9e805e07-4f70-49fe-87ae-093e53a46812", "name": "project verschl\u00fcsselt"}, {"owner": "cozatl@cbs.mpg.de", "in_progress": true, "id": "9f6fdbd8-2688-40da-939e-9aad3f763b66", "name": "Experiment_1"}, {"owner": "benjaminknoth@web.de", "in_progress": true, "id": "a220c5f0-120e-4338-b794-13a2978832ed", "name": "Noah 1"}, {"owner_name": "Vlad Makarenko", "name": "Catalog", "title": "Title not very long test", "comments": "Comments", "authors": [{"name": "Lastname1, Name1"}, {"affs": ["Affiliation21", "Affiliation22"], "name": "Lastname2, Name2"}, {"affs": ["Affiliation31", "Affiliation32", "Affiliation33"], "name": "Lastname3, Name3"}, {"affs": ["Affiliation41", "Affiliation42", "Affiliation43"], "name": "Lastname4, Name4"}, {"affs": ["Affiliation51", "Affiliation52", "Affiliation53"], "name": "Lastname5, Name5"}, {"affs": ["Affiliation61", "Affiliation62", "Affiliation63", "Affiliation64"], "name": "Lastname6, Name6"}], "owner": "makarenko@mpdl.mpg.de", "is_certified": true, "id": "a6d4ae75-b063-40bf-a3d9-dde74623bb2c", "description": "Description"}, {"owner": "hoppmann@mpdl.mpg.de", "in_progress": true, "id": "ac04660e-4322-4dc4-abb6-74d7ae6939b3", "name": "asdadata_siana_opac"}, {"owner": "vlamak868@gmail.com", "in_progress": true, "owner_name": "Vladislav", "id": "afe07e8a-835a-4d23-a617-3ca947a0e36c", "name": "exchange"}, {"owner": "makarenko@mpdl.mpg.de", "in_progress": true, "owner_name": "Vlad Makarenko", "id": "b31859bf-69f3-4839-960e-2ddff7a2873f", "name": "Integrity Check Library"}, {"owner": "kern@mpiwg-berlin.mpg.de", "in_progress": true, "owner_name": "Hartmut Kern", "id": "b5653c4d-3471-43de-8955-d76f37b28584", "name": "Meine Bibliothek"}, {"owner_name": "Friederike Kleinfercher", "name": "mein neuer test 2", "title": "Mein titel", "authors": [{"affs": ["MPDL"], "name": "Kleinfercher, Friederike"}], "owner": "kleinfercher@mpdl.mpg.de", "is_certified": true, "id": "b86b47ed-7fad-4cd6-9069-299475ec1553", "description": "blablablabla"}, {"owner": "kleinfercher@mpdl.mpg.de", "in_progress": true, "owner_name": "Friederike Kleinfercher", "id": "b8742fff-fa2c-4aae-bb08-4efbe7e3cfe2", "name": "Test 07.11.2016 -1"}, {"owner": "kleinfercher@mpdl.mpg.de", "in_progress": true, "owner_name": "Friederike Kleinfercher", "id": "b90205e0-67a7-42eb-a66e-f702e76d3dad", "name": "Test 08.11.2016 [<{"}, {"owner": "starkloff@archiv-berlin.mpg.de", "in_progress": true, "id": "bcc134ef-28da-4b82-86f7-e3558d7a6bdf", "name": "Meine Bibliothek"}, {"owner_name": "Vladislav", "name": "Test Email", "id": "bf955175-a089-4e2b-878b-2d237ad363a6", "authors": [{"affs": ["Affiliation1, Affiliation2"], "name": "Lastname, Firstname"}, {"affs": ["Affiliation1, Affiliation2"], "name": "Lastname, Firstname"}, {"affs": ["Affiliation1, Affiliation2"], "name": "Lastname, Firstname"}, {"affs": ["Affiliation1, Affiliation2"], "name": "Lastname, Firstname"}], "owner": "vlamak868@gmail.com", "in_progress": true, "is_certified": true, "description": "Description Description Description Description Description Description Description Description DescriptioDescription Description Description Description Description Description Description Description Description Description Description Description Description Description Description Description Description Description Description Description Description Description Description Description Description Description Description Description Description Description Description Description Description Description Description Description Description Description Description Description Description Description Description Description Description Description Description Description Description Description Description Description Description Description Description Description Description Description Description Description Description Description Description Description Description Description Description Description Description Description Description Description Description Description Description Description n Description"}, {"owner": "guenther@coll.mpg.de", "in_progress": true, "id": "c1f293c0-dfea-4546-a1e0-c4f832c123a1", "name": "Meine Bibliothek"}, {"owner_name": "Vlad Makarenko", "description": "Project description", "title": "CDC Title", "owner": "makarenko@mpdl.mpg.de", "is_certified": true, "id": "c36cf032-0954-46cc-b270-88f68f5a2ce8", "name": "Test CDC"}, {"owner_name": "Friederike Kleinfercher", "name": "Test 07.11.2016 -4", "title": "Ich teste und teste und teste ... lalalalla", "authors": [{"affs": ["MPDL"], "name": "Kleinfercher, Friederike"}], "owner": "kleinfercher@mpdl.mpg.de", "is_certified": true, "id": "c4ebe5f6-ab33-4802-b75d-b3b69bafb169", "description": "Dies ist eine sch\u00f6ne Beschreibung..."}, {"owner": "benjaminknoth@web.de", "in_progress": true, "id": "c9842cdc-0e1b-4349-b651-c663129000eb", "name": "Noah"}, {"owner_name": "Friederike Kleinfercher", "name": "Test 07.11.2016 -3", "title": "Test Titel am 07.11. der zweite Versuch", "authors": [{"affs": ["MPDL"], "name": "Kleinfercher, Friederike"}], "owner": "kleinfercher@mpdl.mpg.de", "is_certified": true, "id": "cccb1f22-dc24-4b52-bf2b-a8009af67391", "description": "Dies ist eine kurze Beschreibung"}, {"owner": "benjaminknoth@web.de", "in_progress": true, "id": "cf859f4b-efa7-4328-9148-9013bc88e813", "name": "Meine Bibliothek"}, {"owner": "gkhen@mpiwg-berlin.mpg.de", "in_progress": true, "id": "d0b8c597-bf2b-49e3-97a8-a28821c4d56b", "name": "gkhen"}, {"owner": "s.schmidt@mpdl.mpg.de", "in_progress": true, "id": "d29aeb8b-84ab-435d-b7a0-1a39f74046cf", "name": "Meine Bibliothek"}, {"owner": "keeper@mpdl.mpg.de", "in_progress": true, "id": "d49be345-8d6a-4c8a-bf27-143e88662825", "name": "Keeper System Administration"}, {"owner_name": "Friederike Kleinfercher", "name": "Test 07.11.2016 -5", "title": "Dies ist ein Titel....", "authors": [{"affs": ["MPDL"], "name": "Kleinfercher, Friederike"}], "owner": "kleinfercher@mpdl.mpg.de", "is_certified": true, "id": "d52c6837-a47f-4769-9f06-8aaab6504787", "description": "bla blab lab balbalb lb lablab l ba"}, {"owner": "planck@mpdl.mpg.de", "in_progress": true, "id": "dcc16991-01da-4b94-960f-13fd7bd9c6a5", "name": "Meine Bibliothek"}, {"owner_name": "Vlad Makarenko", "name": "Test CDC ready", "title": "Title", "authors": [{"affs": ["Affiliation1, Affiliation2"], "name": "Lastname, Firstname"}], "owner": "makarenko@mpdl.mpg.de", "is_certified": true, "id": "e30f1903-0362-4b1b-bec7-658a90cf78ea", "description": "Description"}, {"description": "blblblb blblblb blblb bll", "title": "test Edit1", "authors": [{"affs": ["MPDL"], "name": "Saquet, Bastien"}], "owner": "saquet@mpdl.mpg.de", "is_certified": true, "id": "e4c080f2-e6d2-47e3-8fed-0be68963c3e7", "name": "Private data 2"}, {"owner": "rio@mpdl.mpg.de", "in_progress": true, "owner_name": "RIO", "id": "e5764da6-5a14-4015-8cd1-1fe0ac1149ac", "name": "asdadata_inlake_purify"}, {"description": "...", "title": "...", "comments": "...", "owner": "system", "is_certified": false, "id": "e942217f-4825-4cfa-8e4a-375208cae7e4", "name": "My Library Template"}, {"owner": "rio@mpdl.mpg.de", "in_progress": true, "owner_name": "RIO", "id": "eab267d2-de76-44d5-bc91-9ea46277f259", "name": "asdameta"}, {"owner": "makarenko@mpdl.mpg.de", "in_progress": true, "owner_name": "Vlad Makarenko", "id": "eb8a7b8b-62dc-43f7-9896-6494731e4870", "name": "License"}, {"owner": "machado@mpdl.mpg.de", "in_progress": true, "id": "ebd7e7b8-8b06-4b2b-bb17-c768eaaca03d", "name": "My Library"}, {"owner": "yu@mpdl.mpg.de", "in_progress": true, "id": "f15710fc-0892-4029-aeef-c5c2a56e0956", "name": "MPDL"}, {"owner": "hoppmann@mpdl.mpg.de", "in_progress": true, "id": "f576f8f8-f9c5-42c3-b7e8-2fbd7c6084d0", "name": "asdadata_siana_opac"}, {"owner": "sander@mpdl.mpg.de", "in_progress": true, "id": "f8c55089-1604-414d-a633-07e035c58dac", "name": "Task Force Share"}, {"owner": "kleinfercher@mpdl.mpg.de", "in_progress": true, "owner_name": "Friederike Kleinfercher", "id": "fa27efc0-5c79-4592-bf45-7d2ea4071ca5", "name": "projekt ganz lang"}]